ID;Sire;Dam;Sex;Lifespan;Egg_laying_day;Inbreeding_coefficient;Comment;Egg_to_emergence;I_II;II;II_III;III;III_IV;IV;IV_V;V;V_P;P;P_Imago;Imago
10;S45;C190;Male;Imago;NA;0;;;;;;;;;;;;;;
11;S45;C190;Male;Imago;NA;0;;;;;;;;;;;;;;
16;S37;C226;Male;Imago;NA;0;;;;;;;;;;;;;;
17;S45;C190;Male;Imago;NA;0;;;;;;;;;;;;;;
x3;C196;S29;Male;Imago;NA;0;;;;;;;;;;;;;;
20;S35;C221;Female;Imago;NA;0;;;;;;;;;;;;;;
22;S37;C226;Female;Imago;NA;0;;;;;;;;;;;;;;
23;S35;C221;Female;Imago;NA;0;;;;;;;;;;;;;;
26;S37;C226;Female;Imago;NA;0;;;;;;;;;;;;;;
27;S35;C221;Female;Imago;NA;0;;;;;;;;;;;;;;
28;S45;C190;Female;Imago;NA;0;;;;;;;;;;;;;;
29;S35;C221;Female;Imago;NA;0;;;;;;;;;;;;;;
34;S35;C221;Female;Imago;NA;0;;;;;;;;;;;;;;
20.e1;10;20;NA;Egg_harvest;1;0;;;;;;;;;;;;;;
20.e2;10;20;NA;Egg_harvest;1;0;;;;;;;;;;;;;;
20.e3;10;20;NA;Egg_harvest;1;0;;;;;;;;;;;;;;
20.e4;10;20;NA;Egg_harvest;1;0;;;;;;;;;;;;;;
20.e5;10;20;NA;Egg_harvest;2;0;;;;;;;;;;;;;;
20.e6;10;20;NA;Egg_harvest;2;0;;;;;;;;;;;;;;
20.e7;10;20;NA;Egg_harvest;2;0;;;;;;;;;;;;;;
20.e8;10;20;NA;Egg_harvest;2;0;;;;;;;;;;;;;;
20.e9;10;20;NA;Egg_harvest;2;0;;;;;;;;;;;;;;
20.e10;10;20;NA;Egg_harvest;2;0;;;;;;;;;;;;;;
20.d_e1;10;20;NA;Egg;2;0;;;;;;;;;;;;;;
20.d_e2;10;20;NA;Egg;2;0;;;;;;;;;;;;;;
20.d_e3;10;20;NA;Egg;3;0;;;;;;;;;;;;;;
20.d_e4;10;20;NA;Egg;3;0;;;;;;;;;;;;;;
20.d_e5;10;20;NA;Egg;3;0;;;;;;;;;;;;;;
20.d_e6;10;20;NA;Egg;4;0;;;;;;;;;;;;;;
20.d_e7;10;20;NA;Egg;4;0;;;;;;;;;;;;;;
20.d_e8;10;20;NA;Egg;4;0;;;;;;;;;;;;;;
20.d_e9;10;20;NA;Egg;4;0;;;;;;;;;;;;;;
20.d_e10;10;20;NA;Egg;4;0;;;;;;;;;;;;;;
20.d_e11;10;20;NA;Egg;4;0;;;;;;;;;;;;;;
20.d_e12;10;20;NA;Egg;4;0;;;;;;;;;;;;;;
20.d_e13;10;20;NA;Egg;4;0;;;;;;;;;;;;;;
20.d_e14;10;20;NA;Egg;4;0;;;;;;;;;;;;;;
20.d_e15;10;20;NA;Egg;4;0;;;;;;;;;;;;;;
20.d_e16;10;20;NA;Egg;4;0;;;;;;;;;;;;;;
20.d_e17;10;20;NA;Egg;5;0;;;;;;;;;;;;;;
20.d_e18;10;20;NA;Egg;5;0;;;;;;;;;;;;;;
20.d_e19;10;20;NA;Egg;6;0;;;;;;;;;;;;;;
20.d_e20;10;20;NA;Egg;6;0;;;;;;;;;;;;;;
20.d_e21;10;20;NA;Egg;6;0;;;;;;;;;;;;;;
20.d_e22;10;20;NA;Egg;6;0;;;;;;;;;;;;;;
20.d_e23;10;20;NA;Egg;6;0;;;;;;;;;;;;;;
20.d_e24;10;20;NA;Egg;6;0;;;;;;;;;;;;;;
20.d_e25;10;20;NA;Egg;7;0;;;;;;;;;;;;;;
20.d_e26;10;20;NA;Egg;7;0;;;;;;;;;;;;;;
20.d_e27;10;20;NA;Egg;7;0;;;;;;;;;;;;;;
20.d_e28;10;20;NA;Egg;7;0;;;;;;;;;;;;;;
20.1;10;20;NA;NA;2;0;Death by handling;8864;NA;NA;NA;NA;NA;NA;NA;NA;NA;NA;NA;NA
20.2;10;20;Male;Imago;2;0;;9500;NA;NA;NA;NA;21600;24480;NA;NA;30240;33120;NA;44640
20.3;10;20;Female;Imago;2;0;;9500;NA;NA;NA;NA;21600;24480;NA;30240;31680;33120;NA;44640
20.4;10;20;Male;Imago;2;0;;9500;NA;NA;NA;NA;21600;24480;NA;NA;30240;31680;NA;41760
20.5;10;20;NA;NA;2;0;Perhaps death by handling;9500;NA;NA;NA;NA;NA;NA;NA;NA;NA;NA;NA;NA
20.6;10;20;Female;Imago;3;0;;9500;NA;NA;NA;NA;21600;25920;NA;30240;NA;36000;NA;47520
20.7;10;20;Male;Imago;3;0;;8945;NA;NA;NA;NA;17280;20160;25920;NA;NA;27360;NA;37440
20.8;10;20;Male;Imago;3;0;;8945;NA;NA;NA;NA;18720;23040;27360;NA;28800;30240;NA;41760
20.9;10;20;Female;Imago;3;0;;8945;NA;NA;NA;NA;NA;20160;23040;27360;28800;30240;NA;41760
20.10;10;20;Male;Imago;3;0;;8945;NA;NA;NA;NA;18720;20160;24480;NA;27360;28800;NA;40320
20.11;10;20;Male;Imago;4;0;;9475;NA;NA;NA;17280;20160;23040;27360;28800;30240;31680;NA;41760
20.12;10;20;NA;Instar_I;2;0;Perhaps drowned;10937;D;D;D;D;D;D;D;D;D;D;D;D
20.13;10;20;Female;Imago;2;0;;10937;NA;NA;NA;NA;NA;24480;28800;30240;33120;34560;NA;44640
20.14;10;20;Female;Imago;2;0;;10937;NA;NA;NA;NA;25920;27360;NA;30240;NA;37440;NA;50400
20.15;10;20;Female;Imago;2;0;;10937;NA;NA;NA;NA;NA;25920;30240;31680;NA;34560;NA;47520
20.16;10;20;Female;Imago;3;0;;10337;NA;NA;NA;NA;20160;23040;27360;30240;31680;33120;NA;43200
20.17;10;20;Male;Imago;5;0;;7457;NA;12960;17280;20160;21600;23040;25920;27360;31680;33120;NA;44640
20.18;10;20;Female;Imago;5;0;;7457;NA;NA;NA;15840;20160;23040;NA;25920;30240;31680;NA;43200
20.19;10;20;Male;Imago;5;0;;7457;NA;NA;NA;15840;20160;21600;24480;25920;28800;30240;NA;40320
20.20;10;20;Female;Pupa/Imago;4;0;;10320;NA;NA;NA;21600;28800;30240;NA;34560;43200;44640;56160;D
20.21;10;20;Female;Instar_IV;4;0;;10320;NA;NA;21600;23040;28800;30240;D;D;D;D;D;D
20.22;10;20;Female;Imago;5;0;;8880;NA;NA;NA;20160;NA;25920;NA;31680;37440;38880;NA;51840
20.23;10;20;NA;NA;5;0;;8880;NA;NA;NA;NA;NA;NA;NA;NA;NA;NA;NA;NA
20.24;10;20;NA;Instar_I;5;0;;8880;D;D;D;D;D;D;D;D;D;D;D;D
20.25;10;20;Female;Imago;5;0;;8880;NA;NA;NA;20160;NA;25920;NA;30240;34560;36000;NA;48960
20.26;10;20;Male;Imago;5;0;;8880;NA;NA;NA;17280;21600;23040;NA;25920;NA;31680;NA;43200
20.27;10;20;Male;Imago;5;0;;10365;NA;NA;15840;17280;20160;21600;24480;25920;27360;28800;NA;38880
20.28;10;20;NA;NA;6;0;DoS drowned;8925;NA;NA;NA;NA;NA;NA;NA;NA;NA;NA;NA;NA
20.29;10;20;Female;Pupa;6;0;;8925;NA;NA;21600;23040;NA;28800;33120;34560;38880;40320;D;D
20.30;10;20;Male;Imago;6;0;;8925;NA;NA;NA;NA;23040;24480;NA;27360;30240;31680;NA;43200
20.31;10;20;Male;Imago;6;0;;8925;NA;NA;NA;NA;21600;23040;NA;27360;28800;30240;NA;41760
20.32;10;20;Male;Imago;6;0;;8925;NA;NA;NA;NA;NA;21600;NA;27360;28800;30240;NA;40320
20.33;10;20;Female;Imago;7;0;;9010;12960;14400;NA;18720;24480;25920;28800;30240;NA;33120;NA;44640
20.34;10;20;NA;Instar_I;6;0;;12047;D;D;D;D;D;D;D;D;D;D;D;D
20.35;10;20;Male;Imago;7;0;;10607;NA;14400;NA;18720;NA;24480;28800;30240;31680;33120;NA;44640
20.36;10;20;Male;Imago;7;0;;10607;NA;NA;18720;20160;23040;25920;31680;NA;33120;34560;NA;47520
20.37;10;20;Male;Imago;7;0;;12165;NA;18720;NA;24480;NA;30240;NA;34560;41760;43200;NA;54720
20.38;10;20;NA;Instar_I;7;0;;12165;D;D;D;D;D;D;D;D;D;D;D;D
20.39;10;20;NA;Instar_II;8;0;;10725;18720;20160;D;D;D;D;D;D;D;D;D;D
22.e1;16;22;NA;Egg_harvest;1;0.25;;;;;;;;;;;;;;
22.e2;16;22;NA;Egg_harvest;1;0.25;;;;;;;;;;;;;;
22.e3;16;22;NA;Egg_harvest;1;0.25;;;;;;;;;;;;;;
22.e4;16;22;NA;Egg_harvest;1;0.25;;;;;;;;;;;;;;
22.e5;16;22;NA;Egg_harvest;1;0.25;;;;;;;;;;;;;;
22.e6;16;22;NA;Egg_harvest;1;0.25;;;;;;;;;;;;;;
22.e7;16;22;NA;Egg_harvest;1;0.25;;;;;;;;;;;;;;
22.e8;16;22;NA;Egg_harvest;2;0.25;;;;;;;;;;;;;;
22.e9;16;22;NA;Egg_harvest;2;0.25;;;;;;;;;;;;;;
22.e10;16;22;NA;Egg_harvest;2;0.25;;;;;;;;;;;;;;
22.d_e1;16;22;NA;Egg;2;0.25;;;;;;;;;;;;;;
22.d_e2;16;22;NA;Egg;2;0.25;;;;;;;;;;;;;;
22.d_e3;16;22;NA;Egg;2;0.25;;;;;;;;;;;;;;
22.d_e4;16;22;NA;Egg;3;0.25;;;;;;;;;;;;;;
22.d_e5;16;22;NA;Egg;3;0.25;;;;;;;;;;;;;;
22.d_e6;16;22;NA;Egg;3;0.25;;;;;;;;;;;;;;
22.d_e7;16;22;NA;Egg;3;0.25;;;;;;;;;;;;;;
22.d_e8;16;22;NA;Egg;3;0.25;;;;;;;;;;;;;;
22.d_e9;16;22;NA;Egg;3;0.25;;;;;;;;;;;;;;
22.d_e10;16;22;NA;Egg;3;0.25;;;;;;;;;;;;;;
22.d_e11;16;22;NA;Egg;3;0.25;;;;;;;;;;;;;;
22.d_e12;16;22;NA;Egg;3;0.25;;;;;;;;;;;;;;
22.d_e13;16;22;NA;Egg;3;0.25;;;;;;;;;;;;;;
22.d_e14;16;22;NA;Egg;3;0.25;;;;;;;;;;;;;;
22.d_e15;16;22;NA;Egg;3;0.25;;;;;;;;;;;;;;
22.d_e16;16;22;NA;Egg;3;0.25;;;;;;;;;;;;;;
22.d_e17;16;22;NA;Egg;4;0.25;;;;;;;;;;;;;;
22.d_e18;16;22;NA;Egg;4;0.25;;;;;;;;;;;;;;
22.d_e19;16;22;NA;Egg;4;0.25;;;;;;;;;;;;;;
22.d_e20;16;22;NA;Egg;4;0.25;;;;;;;;;;;;;;
22.d_e21;16;22;NA;Egg;4;0.25;;;;;;;;;;;;;;
22.d_e22;16;22;NA;Egg;4;0.25;;;;;;;;;;;;;;
22.d_e23;16;22;NA;Egg;5;0.25;;;;;;;;;;;;;;
22.d_e24;16;22;NA;Egg;5;0.25;;;;;;;;;;;;;;
22.d_e25;16;22;NA;Egg;5;0.25;;;;;;;;;;;;;;
22.d_e26;16;22;NA;Egg;6;0.25;;;;;;;;;;;;;;
22.d_e27;16;22;NA;Egg;6;0.25;;;;;;;;;;;;;;
22.d_e28;16;22;NA;Egg;8;0.25;;;;;;;;;;;;;;
22.d_e29;16;22;NA;Egg;8;0.25;;;;;;;;;;;;;;
22.d_e30;16;22;NA;Egg;8;0.25;;;;;;;;;;;;;;
22.d_e31;16;22;NA;Egg;8;0.25;;;;;;;;;;;;;;
22.d_e32;16;22;NA;Egg;8;0.25;;;;;;;;;;;;;;
22.d_e33;16;22;NA;Egg;8;0.25;;;;;;;;;;;;;;
22.d_e34;16;22;NA;Egg;8;0.25;;;;;;;;;;;;;;
22.d_e35;16;22;NA;Egg;8;0.25;;;;;;;;;;;;;;
22.d_e36;16;22;NA;Egg;8;0.25;;;;;;;;;;;;;;
22.d_e37;16;22;NA;Egg;8;0.25;;;;;;;;;;;;;;
22.d_e38;16;22;NA;Egg;8;0.25;;;;;;;;;;;;;;
22.d_e39;16;22;NA;Egg;8;0.25;;;;;;;;;;;;;;
22.d_e40;16;22;NA;Egg;8;0.25;;;;;;;;;;;;;;
22.d_e41;16;22;NA;Egg;8;0.25;;;;;;;;;;;;;;
22.d_e42;16;22;NA;Egg;9;0.25;;;;;;;;;;;;;;
22.d_e43;16;22;NA;Egg;9;0.25;;;;;;;;;;;;;;
22.d_e44;16;22;NA;Egg;9;0.25;;;;;;;;;;;;;;
22.d_e45;16;22;NA;Egg;9;0.25;;;;;;;;;;;;;;
22.d_e46;16;22;NA;Egg;9;0.25;;;;;;;;;;;;;;
22.d_e47;16;22;NA;Egg;9;0.25;;;;;;;;;;;;;;
22.d_e48;16;22;NA;Egg;9;0.25;;;;;;;;;;;;;;
22.d_e49;16;22;NA;Egg;9;0.25;;;;;;;;;;;;;;
22.d_e50;16;22;NA;Egg;9;0.25;;;;;;;;;;;;;;
22.d_e51;16;22;NA;Egg;9;0.25;;;;;;;;;;;;;;
22.d_e52;16;22;NA;Egg;9;0.25;;;;;;;;;;;;;;
22.d_e53;16;22;NA;Egg;10;0.25;;;;;;;;;;;;;;
22.d_e54;16;22;NA;Egg;10;0.25;;;;;;;;;;;;;;
22.d_e55;16;22;NA;Egg;10;0.25;;;;;;;;;;;;;;
22.d_e56;16;22;NA;Egg;11;0.25;;;;;;;;;;;;;;
22.d_e57;16;22;NA;Egg;11;0.25;;;;;;;;;;;;;;
22.d_e58;16;22;NA;Egg;11;0.25;;;;;;;;;;;;;;
22.d_e59;16;22;NA;Egg;12;0.25;;;;;;;;;;;;;;
22.d_e60;16;22;NA;Egg;13;0.25;;;;;;;;;;;;;;
22.d_e61;16;22;NA;Egg;13;0.25;;;;;;;;;;;;;;
22.d_e62;16;22;NA;Egg;15;0.25;;;;;;;;;;;;;;
22.d_e63;16;22;NA;Egg;15;0.25;;;;;;;;;;;;;;
22.d_e64;16;22;NA;Egg;15;0.25;;;;;;;;;;;;;;
22.d_e65;16;22;NA;Egg;15;0.25;;;;;;;;;;;;;;
22.d_e66;16;22;NA;Egg;15;0.25;;;;;;;;;;;;;;
22.1;16;22;Female;Pupa/Imago;2;0.25;;8864;NA;NA;NA;18720;NA;25920;NA;33120;34560;36000;47520;D
22.2;16;22;NA;Instar_I;2;0.25;;8864;D;D;D;D;D;D;D;D;D;D;D;D
22.3;16;22;Female;Imago;2;0.25;;8864;NA;NA;NA;NA;24480;25920;NA;28800;33120;34560;NA;46080
22.4;16;22;Female;Imago;2;0.25;;8864;NA;NA;NA;NA;NA;23040;NA;28800;NA;31680;NA;43200
22.5;16;22;Female;Imago;2;0.25;;10382;NA;NA;NA;NA;23040;24480;NA;28800;31680;33120;NA;44640
22.6;16;22;NA;Instar_I;3;0.25;;8942;D;D;D;D;D;D;D;D;D;D;D;D
22.7;16;22;Female;Imago;3;0.25;;8942;NA;NA;15840;17280;NA;21600;NA;27360;30240;31680;NA;41760
22.8;16;22;Female;Imago;3;0.25;;9490;NA;NA;NA;15840;20160;21600;NA;27360;31680;33120;NA;44640
22.9;16;22;Male;Imago;3;0.25;;9490;NA;NA;18720;20160;23040;24480;27360;30240;33120;34560;NA;46080
22.10;16;22;Male;Imago;3;0.25;;9490;NA;NA;21600;23040;NA;25920;NA;33120;NA;34560;NA;46080
22.11;16;22;NA;Instar_I;3;0.25;;9490;D;D;D;D;D;D;D;D;D;D;D;D
22.12;16;22;Male;Imago;4;0.25;;8920;NA;NA;NA;14400;NA;21600;25920;27360;NA;28800;NA;40320
22.13;16;22;Male;Imago;4;0.25;;8920;NA;NA;NA;14400;NA;21600;NA;25920;27360;28800;NA;40320
22.14;16;22;Male;Imago;5;0.25;;7480;NA;NA;NA;17280;NA;23040;24480;NA;27360;28800;NA;38880
22.15;16;22;Male;Imago;5;0.25;;7480;NA;NA;NA;15840;NA;20160;NA;24480;27360;28800;NA;38880
22.16;16;22;Female;Imago;5;0.25;;7480;NA;NA;17280;18720;23040;24480;NA;28800;33120;34560;NA;44640
22.17;16;22;NA;NA;5;0.25;Missing;7480;NA;NA;NA;NA;NA;NA;NA;NA;NA;NA;NA;NA
22.18;16;22;NA;Instar_I;5;0.25;;7480;D;D;D;D;D;D;D;D;D;D;D;D
22.19;16;22;NA;Instar_I;5;0.25;DoS;8940;D;D;D;D;D;D;D;D;D;D;D;D
22.20;16;22;NA;Instar_I;4;0.25;;10380;D;D;D;D;D;D;D;D;D;D;D;D
22.21;16;22;Female;Imago;4;0.25;;10380;NA;NA;17280;18720;NA;21600;27360;30240;31680;33120;NA;44640
22.22;16;22;Male;Imago;5;0.25;;8945;NA;NA;15840;17280;23040;24480;28800;30240;33120;34560;NA;46080
22.23;16;22;Female;Imago;5;0.25;;8945;NA;NA;NA;17280;20160;25920;NA;30240;NA;34560;NA;47520
22.24;16;22;NA;Instar_I;5;0.25;;8940;D;D;D;D;D;D;D;D;D;D;D;D
22.25;16;22;NA;Instar_I;5;0.25;;8940;D;D;D;D;D;D;D;D;D;D;D;D
22.26;16;22;NA;Instar_I/II;5;0.25;;8940;14400;D;D;D;D;D;D;D;D;D;D;D
22.27;16;22;NA;Instar_III;5;0.25;;8940;NA;15840;NA;21600;D;D;D;D;D;D;D;D
22.28;16;22;NA;Instar_I;3;0.25;DoS;11820;D;D;D;D;D;D;D;D;D;D;D;D
22.29;16;22;NA;Instar_I;6;0.25;;8985;D;D;D;D;D;D;D;D;D;D;D;D
22.30;16;22;Male;Imago;7;0.25;;7545;NA;12960;NA;17280;NA;21600;24480;25920;30240;31680;NA;43200
22.31;16;22;NA;Instar_II;7;0.25;;7545;18720;D;D;D;D;D;D;D;D;D;D;D
22.32;16;22;NA;Instar_II;7;0.25;Found as instar II;NA;NA;NA;D;D;D;D;D;D;D;D;D;D
22.33;16;22;NA;Instar_I;8;0.25;;9137;D;D;D;D;D;D;D;D;D;D;D;D
22.34;16;22;NA;Instar_I/II;8;0.25;;9137;15840;D;D;D;D;D;D;D;D;D;D;D
22.35;16;22;Male;Imago;8;0.25;;9137;NA;14400;18720;20160;21600;23040;27360;NA;30240;31680;NA;41760
22.36;16;22;NA;Instar_I;8;0.25;;10697;D;D;D;D;D;D;D;D;D;D;D;D
22.37;16;22;Female;Imago;8;0.25;;10697;14400;15840;NA;20160;23040;24480;NA;28800;30240;31680;NA;43200
22.38;16;22;NA;Instar_I;9;0.25;;9257;D;D;D;D;D;D;D;D;D;D;D;D
22.39;16;22;NA;Instar_I;9;0.25;;9257;D;D;D;D;D;D;D;D;D;D;D;D
22.40;16;22;Male;Imago;9;0.25;;9257;14400;15840;18720;20160;21600;23040;NA;NA;NA;28800;NA;40320
22.41;16;22;NA;Instar_I;9;0.25;;9257;D;D;D;D;D;D;D;D;D;D;D;D
22.42;16;22;Female;Imago;9;0.25;;10555;NA;12960;NA;17280;21600;23040;NA;25920;NA;28800;NA;40320
22.43;16;22;Male;Imago;11;0.25;;8985;NA;15840;18720;20160;NA;24480;25920;28800;30240;31680;NA;43200
22.44;16;22;Male;Pupa;11;0.25;;8985;NA;18720;NA;21600;NA;27360;31680;33120;34560;36000;D;D
22.45;16;22;NA;Instar_I;11;0.25;;10455;D;D;D;D;D;D;D;D;D;D;D;D
22.46;16;22;Female;Imago;11;0.25;;11865;17280;18720;NA;23040;NA;24480;NA;28800;31680;33120;NA;43200
22.47;16;22;NA;Instar_I;12;0.25;DoS drowned;11895;D;D;D;D;D;D;D;D;D;D;D;D
22.48;16;22;Female;Imago;14;0.25;;9015;14400;15840;NA;18720;20160;21600;NA;27360;28800;31680;NA;41760
22.49;16;22;Male;Imago;14;0.25;;9015;12960;14400;NA;17280;18720;21600;NA;24480;27360;28800;NA;38880
22.50;16;22;Female;Imago;15;0.25;;9000;NA;17280;NA;20160;NA;24480;27360;28800;33120;34560;NA;44640
22.51;16;22;NA;Instar_I;15;0.25;;10477;D;D;D;D;D;D;D;D;D;D;D;D
23.e1;11;23;NA;Egg_harvest;1;0;;;;;;;;;;;;;;
23.e2;11;23;NA;Egg_harvest;1;0;;;;;;;;;;;;;;
23.e3;11;23;NA;Egg_harvest;1;0;;;;;;;;;;;;;;
23.e4;11;23;NA;Egg_harvest;2;0;;;;;;;;;;;;;;
23.e5;11;23;NA;Egg_harvest;2;0;;;;;;;;;;;;;;
23.e6;11;23;NA;Egg_harvest;2;0;;;;;;;;;;;;;;
23.e7;11;23;NA;Egg_harvest;3;0;;;;;;;;;;;;;;
23.e8;11;23;NA;Egg_harvest;3;0;;;;;;;;;;;;;;
23.e9;11;23;NA;Egg_harvest;4;0;;;;;;;;;;;;;;
23.e10;11;23;NA;Egg_harvest;4;0;;;;;;;;;;;;;;
23.d_e1;11;23;NA;Egg;4;0;;;;;;;;;;;;;;
23.d_e2;11;23;NA;Egg;4;0;;;;;;;;;;;;;;
23.d_e3;11;23;NA;Egg;5;0;;;;;;;;;;;;;;
23.d_e4;11;23;NA;Egg;5;0;;;;;;;;;;;;;;
23.d_e5;11;23;NA;Egg;5;0;;;;;;;;;;;;;;
23.d_e6;11;23;NA;Egg;6;0;;;;;;;;;;;;;;
23.d_e7;11;23;NA;Egg;6;0;;;;;;;;;;;;;;
23.d_e8;11;23;NA;Egg;6;0;;;;;;;;;;;;;;
23.d_e9;11;23;NA;Egg;6;0;;;;;;;;;;;;;;
23.d_e10;11;23;NA;Egg;6;0;;;;;;;;;;;;;;
23.d_e11;11;23;NA;Egg;7;0;;;;;;;;;;;;;;
23.d_e12;11;23;NA;Egg;7;0;;;;;;;;;;;;;;
23.d_e13;11;23;NA;Egg;7;0;;;;;;;;;;;;;;
23.d_e14;11;23;NA;Egg;7;0;;;;;;;;;;;;;;
23.d_e15;11;23;NA;Egg;7;0;;;;;;;;;;;;;;
23.d_e16;11;23;NA;Egg;7;0;;;;;;;;;;;;;;
23.d_e17;11;23;NA;Egg;7;0;;;;;;;;;;;;;;
23.d_e18;11;23;NA;Egg;7;0;;;;;;;;;;;;;;
23.d_e19;11;23;NA;Egg;7;0;;;;;;;;;;;;;;
23.d_e20;11;23;NA;Egg;7;0;;;;;;;;;;;;;;
23.d_e21;11;23;NA;Egg;8;0;;;;;;;;;;;;;;
23.d_e22;11;23;NA;Egg;8;0;;;;;;;;;;;;;;
23.d_e23;11;23;NA;Egg;8;0;;;;;;;;;;;;;;
26.e1;17;26;NA;Egg_harvest;1;0;;;;;;;;;;;;;;
26.e2;17;26;NA;Egg_harvest;1;0;;;;;;;;;;;;;;
26.e3;17;26;NA;Egg_harvest;1;0;;;;;;;;;;;;;;
26.e4;17;26;NA;Egg_harvest;2;0;;;;;;;;;;;;;;
26.e5;17;26;NA;Egg_harvest;2;0;;;;;;;;;;;;;;
26.e6;17;26;NA;Egg_harvest;2;0;;;;;;;;;;;;;;
26.e7;17;26;NA;Egg_harvest;2;0;;;;;;;;;;;;;;
26.e8;17;26;NA;Egg_harvest;2;0;;;;;;;;;;;;;;
26.e9;17;26;NA;Egg_harvest;2;0;;;;;;;;;;;;;;
26.e10;17;26;NA;Egg_harvest;2;0;;;;;;;;;;;;;;
26.d_e1;17;26;NA;Egg;3;0;;;;;;;;;;;;;;
26.d_e2;17;26;NA;Egg;3;0;;;;;;;;;;;;;;
26.d_e3;17;26;NA;Egg;3;0;;;;;;;;;;;;;;
26.d_e4;17;26;NA;Egg;3;0;;;;;;;;;;;;;;
26.d_e5;17;26;NA;Egg;3;0;;;;;;;;;;;;;;
26.d_e6;17;26;NA;Egg;4;0;;;;;;;;;;;;;;
26.d_e7;17;26;NA;Egg;4;0;;;;;;;;;;;;;;
26.d_e8;17;26;NA;Egg;4;0;;;;;;;;;;;;;;
26.d_e9;17;26;NA;Egg;4;0;;;;;;;;;;;;;;
26.d_e10;17;26;NA;Egg;5;0;;;;;;;;;;;;;;
26.d_e11;17;26;NA;Egg;5;0;;;;;;;;;;;;;;
26.d_e12;17;26;NA;Egg;6;0;;;;;;;;;;;;;;
26.d_e13;17;26;NA;Egg;6;0;;;;;;;;;;;;;;
26.d_e14;17;26;NA;Egg;6;0;;;;;;;;;;;;;;
26.d_e15;17;26;NA;Egg;7;0;;;;;;;;;;;;;;
26.d_e16;17;26;NA;Egg;7;0;;;;;;;;;;;;;;
26.d_e17;17;26;NA;Egg;7;0;;;;;;;;;;;;;;
26.d_e18;17;26;NA;Egg;8;0;;;;;;;;;;;;;;
26.d_e19;17;26;NA;Egg;8;0;;;;;;;;;;;;;;
26.d_e20;17;26;NA;Egg;8;0;;;;;;;;;;;;;;
26.d_e21;17;26;NA;Egg;8;0;;;;;;;;;;;;;;
26.d_e22;17;26;NA;Egg;8;0;;;;;;;;;;;;;;
26.d_e23;17;26;NA;Egg;8;0;;;;;;;;;;;;;;
26.d_e24;17;26;NA;Egg;9;0;;;;;;;;;;;;;;
26.d_e25;17;26;NA;Egg;9;0;;;;;;;;;;;;;;
26.d_e26;17;26;NA;Egg;9;0;;;;;;;;;;;;;;
26.d_e27;17;26;NA;Egg;9;0;;;;;;;;;;;;;;
26.d_e28;17;26;NA;Egg;9;0;;;;;;;;;;;;;;
26.d_e29;17;26;NA;Egg;9;0;;;;;;;;;;;;;;
26.d_e30;17;26;NA;Egg;9;0;;;;;;;;;;;;;;
26.d_e31;17;26;NA;Egg;9;0;;;;;;;;;;;;;;
26.d_e32;17;26;NA;Egg;9;0;;;;;;;;;;;;;;
26.d_e33;17;26;NA;Egg;10;0;;;;;;;;;;;;;;
26.d_e34;17;26;NA;Egg;10;0;;;;;;;;;;;;;;
26.d_e35;17;26;NA;Egg;10;0;;;;;;;;;;;;;;
26.d_e36;17;26;NA;Egg;10;0;;;;;;;;;;;;;;
26.d_e37;17;26;NA;Egg;10;0;;;;;;;;;;;;;;
26.d_e38;17;26;NA;Egg;10;0;;;;;;;;;;;;;;
26.d_e39;17;26;NA;Egg;10;0;;;;;;;;;;;;;;
26.d_e40;17;26;NA;Egg;11;0;;;;;;;;;;;;;;
26.d_e41;17;26;NA;Egg;11;0;;;;;;;;;;;;;;
26.d_e42;17;26;NA;Egg;11;0;;;;;;;;;;;;;;
26.d_e43;17;26;NA;Egg;11;0;;;;;;;;;;;;;;
26.d_e44;17;26;NA;Egg;11;0;;;;;;;;;;;;;;
26.d_e45;17;26;NA;Egg;12;0;;;;;;;;;;;;;;
26.d_e46;17;26;NA;Egg;12;0;;;;;;;;;;;;;;
26.d_e47;17;26;NA;Egg;16;0;;;;;;;;;;;;;;
26.d_e48;17;26;NA;Egg;16;0;;;;;;;;;;;;;;
26.d_e49;17;26;NA;Egg;17;0;;;;;;;;;;;;;;
26.d_e50;17;26;NA;Egg;17;0;;;;;;;;;;;;;;
26.d_e51;17;26;NA;Egg;17;0;;;;;;;;;;;;;;
26.d_e52;17;26;NA;Egg;17;0;;;;;;;;;;;;;;
26.d_e53;17;26;NA;Egg;17;0;;;;;;;;;;;;;;
26.d_e54;17;26;NA;Egg;17;0;;;;;;;;;;;;;;
26.d_e55;17;26;NA;Egg;18;0;;;;;;;;;;;;;;
26.d_e56;17;26;NA;Egg;18;0;;;;;;;;;;;;;;
26.d_e57;17;26;NA;Egg;18;0;;;;;;;;;;;;;;
26.d_e58;17;26;NA;Egg;18;0;;;;;;;;;;;;;;
26.d_e59;17;26;NA;Egg;19;0;;;;;;;;;;;;;;
26.d_e60;17;26;NA;Egg;19;0;;;;;;;;;;;;;;
26.d_e61;17;26;NA;Egg;19;0;;;;;;;;;;;;;;
26.d_e62;17;26;NA;Egg;19;0;;;;;;;;;;;;;;
26.1;17;26;Female;Imago;2;0;;8864;NA;NA;NA;17280;21600;24480;NA;28800;33120;34560;NA;44640
26.2;17;26;Male;Imago;3;0;;8060;NA;NA;NA;15840;18720;21600;NA;27360;28800;30240;NA;40320
26.3;17;26;Female;Imago;3;0;;8060;NA;NA;NA;15840;20160;21600;NA;27360;30240;31680;NA;41760
26.4;17;26;Male;Pupa/Imago;3;0;;8060;NA;NA;NA;15840;NA;21600;NA;NA;27360;28800;40320;D
26.5;17;26;Female;Imago;3;0;;8060;NA;NA;NA;15840;NA;21600;NA;NA;27360;28800;NA;37440
26.6;17;26;Male;Imago;3;0;;8060;NA;NA;NA;15840;18720;21600;NA;NA;27360;28800;NA;38880
26.7;17;26;Male;Imago;3;0;;8060;NA;NA;NA;15840;NA;21600;NA;27360;28800;30240;NA;40320
26.8;17;26;Male;Imago;3;0;;8240;NA;NA;NA;18720;23040;24480;NA;27360;31680;33120;NA;43200
26.9;17;26;NA;Instar_IV;3;0;;8240;NA;NA;NA;18720;NA;24480;D;D;D;D;D;D
26.10;17;26;Female;Imago;3;0;;8240;NA;NA;NA;15840;21600;24480;NA;27360;NA;33120;NA;44640
26.11;17;26;NA;Instar_I;4;0;Prob.;7470;D;D;D;D;D;D;D;D;D;D;D;D
26.12;17;26;Female;Instar_V/P;4;0;A bit unclear if it died in V/P or P;7470;NA;NA;NA;23040;28800;30240;NA;36000;40320;D;D;D
26.13;17;26;NA;Instar_I;3;0;Prob.;11755;D;D;D;D;D;D;D;D;D;D;D;D
26.14;17;26;Male;Imago;4;0;;10315;NA;NA;NA;20160;NA;24480;NA;28800;33120;34560;NA;46080
26.15;17;26;Female;Imago;4;0;;10315;NA;NA;NA;18720;23040;24480;NA;25920;31680;33120;NA;43200
26.16;17;26;Male;Imago;4;0;;10315;NA;NA;NA;17280;23040;25920;NA;28800;33120;34560;NA;47520
26.17;17;26;Female;Instar_IV;5;0;Probably female;8875;NA;NA;NA;23040;38880;40320;D;D;D;D;D;D
26.18;17;26;Male;Imago;5;0;;8875;NA;NA;18720;20160;23040;27360;NA;30240;33120;34560;NA;46080
26.19;17;26;Female;Imago;5;0;;8875;NA;12960;NA;18720;NA;21600;NA;24480;28800;30240;NA;40320
26.20;17;26;Male;Imago;5;0;;8880;NA;NA;NA;18720;NA;24480;NA;NA;31680;33120;NA;44640
26.21;17;26;Female;Imago;5;0;;8880;NA;NA;NA;17280;21600;24480;NA;27360;34560;36000;NA;47520
26.22;17;26;NA;Instar_I/II;4;0;;11762;NA;D;D;D;D;D;D;D;D;D;D;D
26.23;17;26;NA;Instar_I;5;0;;10322;D;D;D;D;D;D;D;D;D;D;D;D
26.24;17;26;Male;Imago;6;0;;8885;NA;11520;NA;17280;NA;21600;NA;25920;28800;30240;NA;41760
26.25;17;26;Female;Imago;6;0;;8885;11520;14400;NA;20160;NA;27360;30240;NA;34560;36000;NA;47520
26.26;17;26;Female;Instar_IV;6;0;Probably female;8885;11520;14400;21600;23040;30240;31680;D;D;D;D;D;D
26.27;17;26;NA;Instar_I;6;0;Drowned;8885;D;D;D;D;D;D;D;D;D;D;D;D
26.28;17;26;Female;Imago;6;0;;9130;NA;11520;NA;17280;NA;21600;25920;27360;28800;30240;NA;40320
26.29;17;26;NA;Instar_II;5;0;Found as instar II;NA;NA;D;D;D;D;D;D;D;D;D;D;D
26.30;17;26;Female;Instar_V/P;8;0;;7597;NA;14400;18720;20160;NA;27360;NA;30240;38880;D;D;D
26.31;17;26;Female;Imago;7;0;;10620;NA;17280;20160;23040;27360;28800;31680;33120;NA;38880;NA;51840
26.32;17;26;Male;Imago;8;0;;9180;NA;14400;NA;20160;23040;24480;27360;28800;31680;33120;NA;44640
26.33;17;26;Male;Imago;8;0;;9180;NA;14400;NA;18720;NA;23040;NA;27360;30240;31680;NA;43200
26.34;17;26;Male;Imago;9;0;;11895;17280;18720;21600;23040;27360;28800;31680;33120;36000;37440;NA;48960
26.35;17;26;Female;Imago;10;0;;10455;15840;17280;NA;21600;NA;27360;NA;33120;NA;38880;NA;50400
26.36;17;26;Male;Imago;10;0;;10455;15840;17280;NA;20160;NA;24480;NA;27360;31680;33120;NA;44640
26.37;17;26;Male;Imago;10;0;;10455;15840;17280;20160;21600;25920;27360;31680;33120;36000;37440;NA;48960
26.38;17;26;NA;Instar_I;11;0;Drowned;9055;D;D;D;D;D;D;D;D;D;D;D;D
26.39;17;26;NA;Instar_I;10;0;;11940;D;D;D;D;D;D;D;D;D;D;D;D
26.40;17;26;NA;Instar_I;12;0;;9060;D;D;D;D;D;D;D;D;D;D;D;D
26.41;17;26;NA;Instar_I;12;0;;9060;D;D;D;D;D;D;D;D;D;D;D;D
26.42;17;26;NA;Instar_I;12;0;;10425;D;D;D;D;D;D;D;D;D;D;D;D
26.43;17;26;NA;Instar_I;12;0;;10425;D;D;D;D;D;D;D;D;D;D;D;D
26.44;17;26;NA;Instar_II;12;0;;10425;20160;23040;D;D;D;D;D;D;D;D;D;D
26.45;17;26;Male;Imago;12;0;;10425;15840;17280;NA;20160;NA;23040;28800;30240;31680;33120;NA;44640
26.46;17;26;Female;Imago;12;0;;10425;15840;17280;NA;20160;NA;24480;30240;NA;33120;34560;NA;46080
26.47;17;26;Female;Imago;2;0;Found as instar III;NA;NA;NA;NA;NA;30240;31680;34560;37440;43200;44640;NA;56160
26.48;17;26;NA;Instar_I;14;0;Perhaps drowned;9030;D;D;D;D;D;D;D;D;D;D;D;D
26.49;17;26;Male;Imago;14;0;;10477;14400;15840;NA;17280;23040;24480;30240;NA;33120;34560;NA;46080
27.e1;16;27;NA;Egg_harvest;1;0;;;;;;;;;;;;;;
27.e2;16;27;NA;Egg_harvest;1;0;;;;;;;;;;;;;;
27.e3;16;27;NA;Egg_harvest;1;0;;;;;;;;;;;;;;
27.e4;16;27;NA;Egg_harvest;1;0;;;;;;;;;;;;;;
27.e5;16;27;NA;Egg_harvest;1;0;;;;;;;;;;;;;;
27.e6;16;27;NA;Egg_harvest;2;0;;;;;;;;;;;;;;
27.e7;16;27;NA;Egg_harvest;2;0;;;;;;;;;;;;;;
27.e8;16;27;NA;Egg_harvest;2;0;;;;;;;;;;;;;;
27.e9;16;27;NA;Egg_harvest;2;0;;;;;;;;;;;;;;
27.e10;16;27;NA;Egg_harvest;2;0;;;;;;;;;;;;;;
27.d_e1;16;27;NA;Egg;2;0;;;;;;;;;;;;;;
27.d_e2;16;27;NA;Egg;2;0;;;;;;;;;;;;;;
27.d_e3;16;27;NA;Egg;2;0;;;;;;;;;;;;;;
27.d_e4;16;27;NA;Egg;2;0;;;;;;;;;;;;;;
27.d_e5;16;27;NA;Egg;2;0;;;;;;;;;;;;;;
27.d_e6;16;27;NA;Egg;3;0;;;;;;;;;;;;;;
27.d_e7;16;27;NA;Egg;3;0;;;;;;;;;;;;;;
27.d_e8;16;27;NA;Egg;3;0;;;;;;;;;;;;;;
27.d_e9;16;27;NA;Egg;3;0;;;;;;;;;;;;;;
27.d_e10;16;27;NA;Egg;3;0;;;;;;;;;;;;;;
27.d_e11;16;27;NA;Egg;3;0;;;;;;;;;;;;;;
27.d_e12;16;27;NA;Egg;3;0;;;;;;;;;;;;;;
27.d_e13;16;27;NA;Egg;3;0;;;;;;;;;;;;;;
27.d_e14;16;27;NA;Egg;3;0;;;;;;;;;;;;;;
27.d_e15;16;27;NA;Egg;3;0;;;;;;;;;;;;;;
27.d_e16;16;27;NA;Egg;4;0;;;;;;;;;;;;;;
27.d_e17;16;27;NA;Egg;4;0;;;;;;;;;;;;;;
27.d_e18;16;27;NA;Egg;4;0;;;;;;;;;;;;;;
27.d_e19;16;27;NA;Egg;4;0;;;;;;;;;;;;;;
27.d_e20;16;27;NA;Egg;4;0;;;;;;;;;;;;;;
27.d_e21;16;27;NA;Egg;4;0;;;;;;;;;;;;;;
27.d_e22;16;27;NA;Egg;4;0;;;;;;;;;;;;;;
27.d_e23;16;27;NA;Egg;4;0;;;;;;;;;;;;;;
27.d_e24;16;27;NA;Egg;4;0;;;;;;;;;;;;;;
27.d_e25;16;27;NA;Egg;4;0;;;;;;;;;;;;;;
27.d_e26;16;27;NA;Egg;4;0;;;;;;;;;;;;;;
27.d_e27;16;27;NA;Egg;4;0;;;;;;;;;;;;;;
27.d_e28;16;27;NA;Egg;4;0;;;;;;;;;;;;;;
27.d_e29;16;27;NA;Egg;5;0;;;;;;;;;;;;;;
27.d_e30;16;27;NA;Egg;5;0;;;;;;;;;;;;;;
27.d_e31;16;27;NA;Egg;5;0;;;;;;;;;;;;;;
27.d_e32;16;27;NA;Egg;5;0;;;;;;;;;;;;;;
27.d_e33;16;27;NA;Egg;5;0;;;;;;;;;;;;;;
27.d_e34;16;27;NA;Egg;6;0;;;;;;;;;;;;;;
27.d_e35;16;27;NA;Egg;6;0;;;;;;;;;;;;;;
27.d_e36;16;27;NA;Egg;6;0;;;;;;;;;;;;;;
27.d_e37;16;27;NA;Egg;6;0;;;;;;;;;;;;;;
27.d_e38;16;27;NA;Egg;6;0;;;;;;;;;;;;;;
27.d_e39;16;27;NA;Egg;6;0;;;;;;;;;;;;;;
27.d_e40;16;27;NA;Egg;6;0;;;;;;;;;;;;;;
27.d_e41;16;27;NA;Egg;6;0;;;;;;;;;;;;;;
27.d_e42;16;27;NA;Egg;6;0;;;;;;;;;;;;;;
27.d_e43;16;27;NA;Egg;6;0;;;;;;;;;;;;;;
27.d_e44;16;27;NA;Egg;6;0;;;;;;;;;;;;;;
27.d_e45;16;27;NA;Egg;6;0;;;;;;;;;;;;;;
27.d_e46;16;27;NA;Egg;6;0;;;;;;;;;;;;;;
27.d_e47;16;27;NA;Egg;6;0;;;;;;;;;;;;;;
27.d_e48;16;27;NA;Egg;6;0;;;;;;;;;;;;;;
27.d_e49;16;27;NA;Egg;7;0;;;;;;;;;;;;;;
27.d_e50;16;27;NA;Egg;7;0;;;;;;;;;;;;;;
27.d_e51;16;27;NA;Egg;7;0;;;;;;;;;;;;;;
27.d_e52;16;27;NA;Egg;7;0;;;;;;;;;;;;;;
27.d_e53;16;27;NA;Egg;7;0;;;;;;;;;;;;;;
27.d_e54;16;27;NA;Egg;7;0;;;;;;;;;;;;;;
27.d_e55;16;27;NA;Egg;7;0;;;;;;;;;;;;;;
27.d_e56;16;27;NA;Egg;7;0;;;;;;;;;;;;;;
27.d_e57;16;27;NA;Egg;7;0;;;;;;;;;;;;;;
27.d_e58;16;27;NA;Egg;7;0;;;;;;;;;;;;;;
27.d_e59;16;27;NA;Egg;7;0;;;;;;;;;;;;;;
27.d_e60;16;27;NA;Egg;7;0;;;;;;;;;;;;;;
27.d_e61;16;27;NA;Egg;7;0;;;;;;;;;;;;;;
27.d_e62;16;27;NA;Egg;7;0;;;;;;;;;;;;;;
27.d_e63;16;27;NA;Egg;7;0;;;;;;;;;;;;;;
27.d_e64;16;27;NA;Egg;7;0;;;;;;;;;;;;;;
27.d_e65;16;27;NA;Egg;7;0;;;;;;;;;;;;;;
27.d_e66;16;27;NA;Egg;7;0;;;;;;;;;;;;;;
27.d_e67;16;27;NA;Egg;7;0;;;;;;;;;;;;;;
27.d_e68;16;27;NA;Egg;7;0;;;;;;;;;;;;;;
27.d_e69;16;27;NA;Egg;8;0;;;;;;;;;;;;;;
27.d_e70;16;27;NA;Egg;8;0;;;;;;;;;;;;;;
27.d_e71;16;27;NA;Egg;8;0;;;;;;;;;;;;;;
27.d_e72;16;27;NA;Egg;8;0;;;;;;;;;;;;;;
27.d_e73;16;27;NA;Egg;8;0;;;;;;;;;;;;;;
27.d_e74;16;27;NA;Egg;9;0;;;;;;;;;;;;;;
27.d_e75;16;27;NA;Egg;9;0;;;;;;;;;;;;;;
27.d_e76;16;27;NA;Egg;9;0;;;;;;;;;;;;;;
27.d_e77;16;27;NA;Egg;10;0;;;;;;;;;;;;;;
27.d_e78;16;27;NA;Egg;11;0;;;;;;;;;;;;;;
27.d_e79;16;27;NA;Egg;12;0;;;;;;;;;;;;;;
27.d_e80;16;27;NA;Egg;13;0;;;;;;;;;;;;;;
27.d_e81;16;27;NA;Egg;13;0;;;;;;;;;;;;;;
27.d_e82;16;27;NA;Egg;13;0;;;;;;;;;;;;;;
27.d_e83;16;27;NA;Egg;13;0;;;;;;;;;;;;;;
27.d_e84;16;27;NA;Egg;14;0;;;;;;;;;;;;;;
27.d_e85;16;27;NA;Egg;14;0;;;;;;;;;;;;;;
27.d_e86;16;27;NA;Egg;14;0;;;;;;;;;;;;;;
27.d_e87;16;27;NA;Egg;14;0;;;;;;;;;;;;;;
27.d_e88;16;27;NA;Egg;14;0;;;;;;;;;;;;;;
27.d_e89;16;27;NA;Egg;14;0;;;;;;;;;;;;;;
27.d_e90;16;27;NA;Egg;15;0;;;;;;;;;;;;;;
27.1;16;27;Female;Imago;2;0;;8970;NA;NA;NA;15840;20160;21600;NA;25920;28800;30240;NA;40320
27.2;16;27;Female;Imago;2;0;;8970;NA;NA;NA;18720;23040;24480;NA;28800;31680;33120;NA;44640
27.3;16;27;NA;Instar_I;2;0;Prob.;8970;D;D;D;D;D;D;D;D;D;D;D;D
27.4;16;27;NA;NA;2;0;;8970;NA;NA;NA;NA;NA;NA;NA;NA;NA;NA;NA;NA
27.5;16;27;NA;Instar_I;2;0;Prob.;8970;D;D;D;D;D;D;D;D;D;D;D;D
27.6;16;27;Female;Imago;2;0;;8970;NA;NA;NA;18720;24480;25920;NA;28800;33120;34560;NA;47520
27.7;16;27;NA;Instar_I/II;2;0;;12075;NA;D;D;D;D;D;D;D;D;D;D;D
27.8;16;27;Female;Imago;2;0;;12075;NA;NA;NA;15840;23040;24480;NA;27360;31680;33120;NA;43200
27.9;16;27;NA;Instar_I;2;0;;12075;D;D;D;D;D;D;D;D;D;D;D;D
27.10;16;27;NA;Instar_I;3;0;;10635;D;D;D;D;D;D;D;D;D;D;D;D
27.11;16;27;Male;Imago;5;0;;9120;NA;10080;14400;15840;20160;21600;NA;24480;28800;30240;NA;41760
27.12;16;27;NA;Instar_I;7;0;;12020;D;D;D;D;D;D;D;D;D;D;D;D
27.13;16;27;Female;Imago;8;0;;10580;NA;17280;20160;21600;NA;24480;27360;28800;33120;34560;NA;44640
27.14;16;27;Female;Imago;9;0;;9140;NA;12960;NA;18720;20160;23040;25920;27360;28800;30240;NA;38880
28.e1;x3;28;NA;Egg_harvest;1;0;;;;;;;;;;;;;;
28.e2;x3;28;NA;Egg_harvest;1;0;;;;;;;;;;;;;;
28.e3;x3;28;NA;Egg_harvest;1;0;;;;;;;;;;;;;;
28.e4;x3;28;NA;Egg_harvest;1;0;;;;;;;;;;;;;;
28.e5;x3;28;NA;Egg_harvest;1;0;;;;;;;;;;;;;;
28.e6;x3;28;NA;Egg_harvest;1;0;;;;;;;;;;;;;;
28.e7;x3;28;NA;Egg_harvest;1;0;;;;;;;;;;;;;;
28.e8;x3;28;NA;Egg_harvest;1;0;;;;;;;;;;;;;;
28.e9;x3;28;NA;Egg_harvest;1;0;;;;;;;;;;;;;;
28.e10;x3;28;NA;Egg_harvest;2;0;;;;;;;;;;;;;;
28.d_e1;x3;28;NA;NA;1;0;Accidentally killed;;;;;;;;;;;;;
28.d_e2;x3;28;NA;Egg;2;0;;;;;;;;;;;;;;
28.d_e3;x3;28;NA;Egg;3;0;;;;;;;;;;;;;;
28.d_e4;x3;28;NA;Egg;4;0;;;;;;;;;;;;;;
28.d_e5;x3;28;NA;Egg;5;0;;;;;;;;;;;;;;
28.d_e6;x3;28;NA;Egg;5;0;;;;;;;;;;;;;;
28.d_e7;x3;28;NA;Egg;6;0;;;;;;;;;;;;;;
28.d_e8;x3;28;NA;Egg;7;0;;;;;;;;;;;;;;
28.d_e9;x3;28;NA;Egg;7;0;;;;;;;;;;;;;;
28.d_e10;x3;28;NA;Egg;7;0;;;;;;;;;;;;;;
28.d_e11;x3;28;NA;Egg;8;0;;;;;;;;;;;;;;
28.d_e12;x3;28;NA;Egg;8;0;;;;;;;;;;;;;;
28.d_e13;x3;28;NA;Egg;8;0;;;;;;;;;;;;;;
28.d_e14;x3;28;NA;Egg;8;0;;;;;;;;;;;;;;
28.d_e15;x3;28;NA;Egg;8;0;;;;;;;;;;;;;;
28.1;x3;28;Female;Imago;2;0;;8970;NA;NA;18720;20160;NA;25920;28800;31680;34560;36000;NA;47520
28.2;x3;28;NA;Instar_I;2;0;;8970;D;D;D;D;D;D;D;D;D;D;D;D
28.3;x3;28;Male;Imago;2;0;;8970;NA;NA;NA;20160;NA;25920;30240;31680;34560;36000;NA;48960
28.4;x3;28;Male;Imago;2;0;;8970;NA;NA;18720;20160;NA;24480;28800;30240;31680;33120;NA;44640
28.5;x3;28;Male;Imago;2;0;;8970;NA;NA;15840;17280;21600;23040;25920;27360;30240;31680;NA;43200
28.6;x3;28;Male;Imago;2;0;;8970;NA;NA;NA;15840;NA;21600;NA;25920;27360;28800;NA;38880
28.7;x3;28;Female;Imago;2;0;;10505;NA;NA;NA;15840;21600;23040;NA;25920;30240;31680;NA;43200
28.8;x3;28;Male;Instar_V/P;3;0;Rough plant;9065;NA;18720;24480;27360;36000;37440;NA;50400;51840;D;D;D
28.9;x3;28;Male;Imago;3;0;;9065;NA;NA;NA;14400;NA;20160;24480;NA;27360;28800;NA;40320
28.10;x3;28;Female;Imago;3;0;;9065;NA;NA;NA;20160;NA;27300;NA;34560;36000;37440;NA;48960
28.11;x3;28;Male;Imago;3;0;;10617;NA;14400;NA;20160;24480;25920;NA;33120;34560;36000;NA;48960
28.12;x3;28;Female;Imago;4;0;;9177;NA;NA;15840;17280;NA;21600;24480;25920;NA;28800;NA;40320
28.13;x3;28;NA;Instar_I;4;0;;9177;D;D;D;D;D;D;D;D;D;D;D;D
28.14;x3;28;Male;Imago;5;0;;7737;12960;14400;17280;18720;NA;23040;25920;27360;33120;34560;NA;46080
28.15;x3;28;Female;Imago;5;0;;7737;NA;11520;NA;18720;21600;24480;25920;27360;31680;33120;NA;44640
28.16;x3;28;Male;Imago;4;0;;10567;NA;12960;NA;18720;23040;24480;NA;27360;31680;33120;NA;44640
28.17;x3;28;Male;Imago;4;0;;10567;NA;12960;17280;18720;21600;23040;NA;27360;30240;31680;NA;43200
28.18;x3;28;Male;Imago;4;0;;10567;NA;15840;NA;23040;NA;27360;31680;33120;37440;38880;NA;50400
28.19;x3;28;Female;Imago;4;0;;10567;NA;15840;NA;21600;24480;25920;28800;30240;33120;34560;NA;47520
28.20;x3;28;Female;Imago;4;0;;11880;NA;14400;18720;20160;24480;27360;30240;31680;34560;36000;NA;48960
28.21;x3;28;Female;Imago;5;0;;10440;NA;14400;NA;18720;21600;23040;NA;27360;NA;31680;NA;43200
28.22;x3;28;Female;Imago;6;0;;9000;14400;15840;NA;18720;21600;23040;NA;25920;30240;31680;NA;43200
28.23;x3;28;Female;Imago;6;0;;9000;NA;12960;17280;18720;NA;21600;NA;24480;28800;30240;NA;41760
28.24;x3;28;Female;Imago;6;0;;10560;NA;18720;NA;24480;NA;28800;NA;33120;37440;38880;NA;50400
28.25;x3;28;Female;Imago;9;0;;9082;12960;14400;NA;17280;21600;23040;25920;27360;31680;33120;NA;43200
28.26;x3;28;Female;Imago;9;0;;10507;15840;17280;NA;20160;NA;24480;28800;30240;NA;33120;NA;44640
28.27;x3;28;Female;Imago;9;0;;10507;NA;15840;NA;20160;NA;24480;27360;28800;31680;33120;NA;44640
28.28;x3;28;Male;Imago;9;0;;11880;17280;18720;NA;20160;25920;27360;30240;31680;33120;34560;NA;46080
29.e1;16;29;NA;Egg_harvest;1;0;;;;;;;;;;;;;29.;
29.e2;16;29;NA;Egg_harvest;1;0;;;;;;;;;;;;;;
29.e3;16;29;NA;Egg_harvest;1;0;;;;;;;;;;;;;;
29.e4;16;29;NA;Egg_harvest;1;0;;;;;;;;;;;;;;
29.e5;16;29;NA;Egg_harvest;1;0;;;;;;;;;;;;;;
29.e6;16;29;NA;Egg_harvest;1;0;;;;;;;;;;;;;;
29.e7;16;29;NA;Egg_harvest;1;0;;;;;;;;;;;;;;
29.e8;16;29;NA;Egg_harvest;2;0;;;;;;;;;;;;;;
29.e9;16;29;NA;Egg_harvest;2;0;;;;;;;;;;;;;;
29.e10;16;29;NA;Egg_harvest;2;0;;;;;;;;;;;;;;
29.d_e1;16;29;NA;Egg;3;0;;;;;;;;;;;;;;
29.d_e2;16;29;NA;Egg;3;0;;;;;;;;;;;;;;
29.d_e3;16;29;NA;Egg;3;0;;;;;;;;;;;;;;
29.d_e4;16;29;NA;Egg;3;0;;;;;;;;;;;;;;
29.d_e5;16;29;NA;Egg;3;0;;;;;;;;;;;;;;
29.d_e6;16;29;NA;Egg;3;0;;;;;;;;;;;;;;
29.d_e7;16;29;NA;Egg;4;0;;;;;;;;;;;;;;
29.d_e8;16;29;NA;Egg;4;0;;;;;;;;;;;;;;
29.d_e9;16;29;NA;Egg;4;0;;;;;;;;;;;;;;
29.d_e10;16;29;NA;Egg;4;0;;;;;;;;;;;;;;
29.d_e11;16;29;NA;Egg;5;0;;;;;;;;;;;;;;
29.d_e12;16;29;NA;Egg;5;0;;;;;;;;;;;;;;
29.d_e13;16;29;NA;Egg;6;0;;;;;;;;;;;;;;
29.d_e14;16;29;NA;Egg;6;0;;;;;;;;;;;;;;
29.d_e15;16;29;NA;Egg;6;0;;;;;;;;;;;;;;
29.1;16;29;NA;Instar_I;2;0;Prob.;8640;D;D;D;D;D;D;D;D;D;D;D;D
29.2;16;29;NA;Instar_I;3;0;Prob.;8960;D;D;D;D;D;D;D;D;D;D;D;D
29.3;16;29;Male;Imago;3;0;;8640;NA;NA;NA;15840;NA;20160;NA;27360;30240;31680;NA;43200
29.4;16;29;Female;Instar_IV;3;0;;8960;NA;NA;NA;21600;27360;28800;D;D;D;D;D;D
29.5;16;29;Male;Imago;3;0;;8960;NA;NA;18720;20160;24480;25920;27360;28800;NA;31680;NA;43200
29.6;16;29;Male;Imago;3;0;;8960;NA;NA;NA;17280;21600;23040;NA;27360;30240;31680;NA;43200
29.7;16;29;Female;Imago;3;0;;8960;NA;NA;NA;17280;21600;23040;NA;27360;30240;31680;NA;43200
29.8;16;29;Female;Imago;3;0;;8960;NA;NA;14400;15840;21600;23040;;27360;30240;31680;NA;41760
29.9;16;29;NA;Instar_I;3;0;Prob.;8960;D;D;D;D;D;D;D;D;D;D;D;D
29.10;16;29;NA;Pupa;3;0;;8960;NA;NA;NA;21600;27360;28800;NA;33120;38880;40320;D;D
29.11;16;29;Male;Imago;3;0;;8960;NA;NA;15840;18720;NA;23040;27360;NA;30240;31680;NA;43200
29.12;16;29;Female;Imago;3;0;;8960;NA;NA;15840;17280;23040;24480;27360;28800;31680;33120;NA;44640
29.13;16;29;Male;Imago;3;0;;8960;NA;NA;NA;17280;20160;23040;NA;28800;NA ;31680;NA;43200
29.14;16;29;Female;Imago;3;0;;8960;NA;NA;14400;15840;21600;23040;NA;27360;28800;30240;NA;40320
29.15;16;29;Female;Imago;3;0;;8960;NA;NA;NA;18720;NA;23040;27360;28800;NA;31680;NA;43200
29.16;16;29;NA;Instar_II/III;3;0;;8960;NA;NA;NA;D;D;D;D;D;D;D;D;D
29.17;16;29;Female;Imago;3;0;;8960;NA;NA;14400;18720;23040;24480;27360;30240;31680;33120;NA;44640
29.18;16;29;NA;Instar_I;4;0;Drowned?;7520;D;D;D;D;D;D;D;D;D;D;D;D
29.19;16;29;Male;Imago;4;0;;7520;NA;NA;NA;15840;NA;21600;25920;27360;NA;30240;NA;41760
29.20;16;29;Male;Imago;4;0;;7520;NA;NA;12960;14400;18720;20160;NA;25920;NA;28800;NA;40320
29.21;16;29;Male;Imago;4;0;;7520;NA;NA;15840;17280;NA;21600;25920;27360;NA;30240;NA;41760
29.22;16;29;Male;Imago;3;0;;10455;NA;NA;15840;20160;23040;24480;28800;30240;34560;36000;NA;47520
29.23;16;29;Female;Imago;4;0;;9015;NA;NA;NA;17280;21600;25920;28800;30240;33120;34560;NA;44640
29.24;16;29;Male;Imago;4;0;Dropped;9015;NA;NA;15840;18720;NA;21600;NA;27360;28800;NA;NA;NA
29.25;16;29;Male;Imago;4;0;Dropped;9015;NA;NA;14400;15840;18720;20160;NA;25920;27360;28800;NA;NA
29.26;16;29;Male;Imago;4;0;Dropped;9015;NA;NA;15840;17280;NA;21600;NA;25920;27360;28800;NA;NA
29.27;16;29;Male;Imago;4;0;Dropped;9015;NA;NA;NA;15840;20160;23040;NA;25920;28800;NA;NA;NA
29.28;16;29;Male;Imago;4;0;Dropped;9015;NA;NA;14400;15840;21600;23040;NA;25920;28800;NA;NA;NA
29.29;16;29;Male;Imago;4;0;Dropped;9015;NA;NA;NA;17280;21600;23040;25920;27360;NA;NA;NA;NA
29.30;16;29;Female;Imago;4;0;Dropped;9015;NA;NA;14400;17280;20160;21600;25920;27360;28800;NA;NA;NA
29.31;16;29;Female;Imago;4;0;Dropped;9015;NA;NA;15840;17280;21600;23040;25920;27360;NA;NA;NA;NA
29.32;16;29;Female;Imago;4;0;Dropped;9015;NA;NA;14400;15840;21600;24480;28800;NA;NA;NA;NA;NA
29.33;16;29;Female;Imago;4;0;Dropped;9015;NA;NA;14400;15840;20160;21600;NA;25920;NA;28800;NA;NA
29.34;16;29;NA;Instar_I;5;0;DoS;9030;D;D;D;D;D;D;D;D;D;D;D;D
29.35;16;29;Female;Imago;5;0;Dropped;9030;NA;NA;17280;18720;21600;23040;NA;25920;NA;NA;NA;NA
29.36;16;29;Male;Imago;5;0;Dropped;9030;NA;NA;NA;17280;20160;21600;25920;NA;NA;NA;NA;NA
29.37;16;29;Male;Imago;5;0;Dropped;9030;NA;12960;NA;18720;21600;23040;NA;25920;NA;NA;NA;NA
29.38;16;29;Female;Imago;5;0;Dropped;9030;NA;NA;NA;18720;25920;27360;NA;NA;NA;NA;NA;NA
29.39;16;29;NA;Imago;5;0;Dropped;9030;NA;NA;NA;17280;NA;21600;25920;27360;NA;NA;NA;NA
29.40;16;29;NA;Imago;5;0;Dropped;9030;NA;NA;NA;17280;21600;24480;27360;NA;NA;NA;NA;NA
29.41;16;29;Female;Imago;5;0;Dropped;9030;NA;NA;NA;17280;21600;24480;27360;NA;NA;NA;NA;NA
29.42;16;29;Female;Imago;6;0;Dropped;7754;NA;NA;14400;15840;18720;21600;NA;24480;NA;NA;NA;NA
29.43;16;29;NA;Instar_I;6;0;Prob.;7754;D;D;D;D;D;D;D;D;D;D;D;D
29.44;16;29;Female;Imago;6;0;;7754;NA;11520;;15840;20160;23040;25920;27360;28800;30240;NA;41760
29.45;16;29;Female;Imago;6;0;;7754;NA ;12960;15840;17280;NA;23040;25920;27360;30240;31680;NA;43200
29.46;16;29;Female;Imago;6;0;;7754;11520;12960;NA;20160;NA;23040;NA;27360;33120;34560;NA;46080
29.47;16;29;Female;Imago;6;0;;7754;11520;12960;15840;17280;21600;23040;25920;27360;30240;31680;NA;43200
29.48;16;29;Female;Imago;6;0;;7754;NA;NA;NA;15840;20160;21600;24480;25920;NA;30240;NA;41760
29.49;16;29;Male;Imago;6;0;;7754;NA;NA;NA;15840;18720;20160;NA;24480;NA;27360;NA;38880
29.50;16;29;NA;Instar_I;6;0;;7754;D;D;D;D;D;D;D;D;D;D;D;D
29.51;16;29;Female;Imago;6;0;;7754;NA;NA;NA;15840;18720;20160;NA;25920;NA;27360;NA;38880
29.52;16;29;Female;Imago;5;0;;10515;NA;12960;17280;18720;NA;24480;NA;28800;30240;31680;NA;44640
29.53;16;29;Male;Imago;6;0;;9075;NA;11520;15840;18720;20160;21600;25920;NA;27360;28800;NA;40320
29.54;16;29;Male;Imago;6;0;;9075;11520;14400;15840;18720;21600;23040;25920;27360;28800;30240;NA;41760
29.55;16;29;NA;Instar_I;6;0;;9075;D;D;D;D;D;D;D;D;D;D;D;D
29.56;16;29;NA;Instar_I/II;6;0;;9075;14400;D;D;D;D;D;D;D;D;D;D;D
29.57;16;29;Female;Imago;6;0;;9075;NA;14400;NA;18720;21600;23040;NA;25920;30240;31680;NA;43200
29.58;16;29;Female;Imago;6;0;;9075;11520;14400;15840;17280;NA;23040;25920;27360;28800;30240;NA;41760
29.59;16;29;Male;Imago;6;0;;9075;NA;12960;15840;17280;20160;23040;NA;25920;30240;31680;NA;43200
29.60;16;29;NA;Instar_I;6;0;;9075;D;D;D;D;D;D;D;D;D;D;D;D
29.61;16;29;Female;Imago;5;0;;NA;NA;12960;NA;17280;21600;24480;27360;28800;30240;31680;NA;43200
29.62;16;29;Male;Imago;2;0;;NA;NA;NA;NA;NA;NA;28800;NA;33120;34560;36000;NA;46080
34.e1;x3;34;NA;Egg_harvest;1;;;;;;;;;;;;;;;
34.e2;x3;34;NA;Egg_harvest;1;;;;;;;;;;;;;;;
34.e3;x3;34;NA;Egg_harvest;1;;;;;;;;;;;;;;;